sector,quarter,z_hat,nll,success,n_obs_cells,n_total
CONSTRUCTION & IMMOBILIER,2011-04-01,-5.999993550114001,0.711687041663492,True,1,1
CONSTRUCTION & IMMOBILIER,2011-07-01,-0.08728126817252468,0.10295878851199616,True,2,10
CONSTRUCTION & IMMOBILIER,2011-10-01,-0.06356359736524213,0.1800224763056916,True,3,18
CONSTRUCTION & IMMOBILIER,2012-01-01,-0.06713707939191628,0.2207827348661395,True,3,22
CONSTRUCTION & IMMOBILIER,2012-04-01,-0.06909982105949217,0.24152838377133806,True,3,24
CONSTRUCTION & IMMOBILIER,2012-07-01,-1.1453836394325436,4.937326262555575,True,5,51
CONSTRUCTION & IMMOBILIER,2012-10-01,-0.04149419154358033,11.094866441924374,True,7,56
CONSTRUCTION & IMMOBILIER,2013-01-01,-0.02960521207119501,0.6160092870378493,True,5,64
CONSTRUCTION & IMMOBILIER,2013-04-01,-0.9815581160110608,5.200517226578072,True,6,63
CONSTRUCTION & IMMOBILIER,2013-07-01,-1.5418819231095964,8.861980741807102,True,7,62
CONSTRUCTION & IMMOBILIER,2013-10-01,-0.056396316143201335,0.6452534034011331,True,5,66
CONSTRUCTION & IMMOBILIER,2014-01-01,-0.056396316143201335,0.6452534034011331,True,5,66
CONSTRUCTION & IMMOBILIER,2014-04-01,-0.982279654531497,5.259710223337314,True,6,65
CONSTRUCTION & IMMOBILIER,2014-07-01,-0.977955748359989,5.219521090528954,True,6,65
CONSTRUCTION & IMMOBILIER,2014-10-01,-1.4693129654898465,9.09071314751128,True,6,68
CONSTRUCTION & IMMOBILIER,2015-01-01,-1.24055930723485,20.002796303387456,True,8,74
CONSTRUCTION & IMMOBILIER,2015-04-01,-1.4008357613223343,9.268799869419391,True,6,76
CONSTRUCTION & IMMOBILIER,2015-07-01,-1.1747773110889015,21.011441494652278,True,8,78
CONSTRUCTION & IMMOBILIER,2015-10-01,-1.3308620565631235,9.443221311442482,True,7,82
CONSTRUCTION & IMMOBILIER,2016-01-01,-0.10043743954482008,0.8807441008931869,True,5,88
CONSTRUCTION & IMMOBILIER,2016-04-01,-0.8195615050825235,5.622373495663056,True,6,89
CONSTRUCTION & IMMOBILIER,2016-07-01,-1.121516802569813,9.489876658666397,True,7,110
CONSTRUCTION & IMMOBILIER,2016-10-01,-0.7974554886359698,11.362991769588312,True,8,194
CONSTRUCTION & IMMOBILIER,2017-01-01,-0.12081724959194684,12.63851249860409,True,8,210
CONSTRUCTION & IMMOBILIER,2017-04-01,0.20086640837742276,6.921524877659814,True,7,217
CONSTRUCTION & IMMOBILIER,2017-07-01,-0.15128021539887876,13.438765271498584,True,8,228
CONSTRUCTION & IMMOBILIER,2017-10-01,0.2040812908670603,7.335833452788374,True,7,227
CONSTRUCTION & IMMOBILIER,2018-01-01,-0.11683977598719633,2.2729878893298134,True,6,228
CONSTRUCTION & IMMOBILIER,2018-04-01,-0.1245483011201597,2.348196882688275,True,6,236
CONSTRUCTION & IMMOBILIER,2018-07-01,0.4381326016857871,11.485215830244687,True,7,236
CONSTRUCTION & IMMOBILIER,2018-10-01,-0.11796963800378851,12.86999948840269,True,8,236
CONSTRUCTION & IMMOBILIER,2019-01-01,-0.4354498924992385,7.314565687676122,True,7,233
CONSTRUCTION & IMMOBILIER,2019-04-01,-0.42092720964716984,6.703780085621445,True,7,231
CONSTRUCTION & IMMOBILIER,2019-07-01,0.006008380104717301,17.957801436559986,True,8,220
CONSTRUCTION & IMMOBILIER,2019-10-01,0.7212847348591616,15.76610431019533,True,8,215
CONSTRUCTION & IMMOBILIER,2020-01-01,1.9472645751872293,47.3344137346244,True,9,211
CONSTRUCTION & IMMOBILIER,2020-04-01,1.1508677337244837,49.8042586156254,True,9,214
CONSTRUCTION & IMMOBILIER,2020-07-01,0.7387064480947537,37.72632615284218,True,10,353
CONSTRUCTION & IMMOBILIER,2020-10-01,0.36292279871078725,88.6864684382038,True,12,382
CONSTRUCTION & IMMOBILIER,2021-01-01,-0.08357655323212729,14.417676112688769,True,8,394
CONSTRUCTION & IMMOBILIER,2021-04-01,-0.3750093851461551,67.02267883531842,True,12,390
CONSTRUCTION & IMMOBILIER,2021-07-01,-1.0833329149081898,35.59143132924789,True,9,411
CONSTRUCTION & IMMOBILIER,2021-10-01,-1.4509989088339745,66.21238831806278,True,12,418
CONSTRUCTION & IMMOBILIER,2022-01-01,-0.6859789861841329,44.56977132562123,True,12,428
CONSTRUCTION & IMMOBILIER,2022-04-01,-0.5729295972960959,29.522247591406476,True,11,441
CONSTRUCTION & IMMOBILIER,2022-07-01,-0.26710114186611,19.47542241070234,True,10,447
CONSTRUCTION & IMMOBILIER,2022-10-01,-0.44484508075410223,24.793562626104933,True,10,434
CONSTRUCTION & IMMOBILIER,2023-01-01,-0.4573852320791185,14.273330223350328,True,7,436
CONSTRUCTION & IMMOBILIER,2023-04-01,0.04966937061756807,9.565598510563133,True,7,445
CONSTRUCTION & IMMOBILIER,2023-07-01,0.05040307700552558,9.539037153962468,True,7,437
CONSTRUCTION & IMMOBILIER,2023-10-01,0.049214778041321586,9.421223070819057,True,7,431
CONSTRUCTION & IMMOBILIER,2024-01-01,-0.12629218905505926,4.153071985972229,True,6,424
FINANCE,2011-04-01,-0.8354121592854821,0.022800473993042265,True,3,6
FINANCE,2011-07-01,-0.41486196859280977,0.11632715346179986,True,5,16
FINANCE,2011-10-01,-0.3652353492421865,0.19260076474380514,True,5,24
FINANCE,2012-01-01,-0.24568298046067313,0.37309153416124363,True,7,44
FINANCE,2012-04-01,0.6174513990361068,5.163388344091818,True,8,73
FINANCE,2012-07-01,1.1962956023547224,17.47812701900899,True,10,136
FINANCE,2012-10-01,0.16695281842391899,28.36328664166912,True,12,137
FINANCE,2013-01-01,-1.607567661946769,16.320601345153325,True,9,146
FINANCE,2013-04-01,-1.5363904829014108,28.142103484403656,True,10,146
FINANCE,2013-07-01,-1.4659981266866131,28.134961616357792,True,10,162
FINANCE,2013-10-01,-1.9122576050131783,23.96090255401311,True,9,164
FINANCE,2014-01-01,-1.9369898028686774,25.432939904490148,True,10,164
FINANCE,2014-04-01,-1.355652896486702,14.085315195785386,True,7,167
FINANCE,2014-07-01,-0.5972266302339764,26.839900771282153,True,8,167
FINANCE,2014-10-01,-1.1359372989290966,12.077904777642672,True,6,174
FINANCE,2015-01-01,-1.3459469563378792,14.154703930010818,True,7,175
FINANCE,2015-04-01,-0.3155900761874548,1.6257457187836848,True,5,178
FINANCE,2015-07-01,-1.187133592467127,35.999694200875595,True,11,177
FINANCE,2015-10-01,-0.297440856273962,22.233096796933566,True,8,184
FINANCE,2016-01-01,0.07030674023454828,17.121566163248787,True,8,181
FINANCE,2016-04-01,0.03064309861452256,26.965882030074887,True,7,179
FINANCE,2016-07-01,0.490761541622812,16.1465551058304,True,6,243
FINANCE,2016-10-01,-0.07154741948506241,8.179934257697376,True,6,305
FINANCE,2017-01-01,-0.775249357629537,22.272054057139737,True,8,320
FINANCE,2017-04-01,-0.5705092730178364,7.816768422596318,True,6,341
FINANCE,2017-07-01,-0.12847588601990806,30.111538855530455,True,9,363
FINANCE,2017-10-01,-0.8435168030870218,17.406704295513965,True,7,399
FINANCE,2018-01-01,0.04983106334801001,24.11843878765371,True,8,458
FINANCE,2018-04-01,-0.39632800024061876,20.127476424789844,True,8,495
FINANCE,2018-07-01,-0.24281119017500424,5.057334114068642,True,5,540
FINANCE,2018-10-01,-0.23139536295444793,25.96168802570031,True,8,550
FINANCE,2019-01-01,0.07466512756620251,40.478528283459795,True,11,576
FINANCE,2019-04-01,0.27564141007823145,25.237448752838596,True,8,586
FINANCE,2019-07-01,-0.08341390175524455,31.66757194925285,True,10,611
FINANCE,2019-10-01,0.5927050169795542,62.79973883393768,True,12,661
FINANCE,2020-01-01,1.9732938212861098,162.84378947119015,True,12,654
FINANCE,2020-04-01,1.1827487567288308,93.47876168847363,True,11,698
FINANCE,2020-07-01,0.6589094380071574,95.91087189598846,True,13,790
FINANCE,2020-10-01,-0.17024922998846326,131.42902480314225,True,16,833
FINANCE,2021-01-01,-0.6461781182665444,62.50500471245552,True,9,867
FINANCE,2021-04-01,-0.6592835689325841,88.23736648500285,True,14,904
FINANCE,2021-07-01,-0.9553922682601217,91.28179936688497,True,13,927
FINANCE,2021-10-01,-1.2462512449146252,131.2395113551017,True,14,946
FINANCE,2022-01-01,-1.0509502126227108,120.29790868242658,True,15,1007
FINANCE,2022-04-01,-0.39986439999213347,62.83663941356068,True,13,1050
FINANCE,2022-07-01,-0.08721483495418374,62.62881491467212,True,13,1077
FINANCE,2022-10-01,-0.24890967945194328,52.378458436431885,True,11,1114
FINANCE,2023-01-01,0.21429342346459848,45.82834530186048,True,10,1127
FINANCE,2023-04-01,0.030351446886915996,20.99624990746087,True,8,1120
FINANCE,2023-07-01,0.23184195459928614,35.5287527083463,True,8,1105
FINANCE,2023-10-01,0.10303770647634665,26.061767398837457,True,8,1119
FINANCE,2024-01-01,0.2934149180487421,41.04247828471295,True,8,1150
INDUSTRIE,2011-04-01,0.00447286408332104,0.14189797303476712,True,3,14
INDUSTRIE,2011-07-01,-0.06427358566798097,0.31552425994597194,True,5,32
INDUSTRIE,2011-10-01,-1.1026898419201872,4.46762584905048,True,6,55
INDUSTRIE,2012-01-01,-0.19977961626844976,0.7152989175043983,True,6,76
INDUSTRIE,2012-04-01,0.19167724604114303,6.842044983487141,True,7,179
INDUSTRIE,2012-07-01,0.592809148167482,125.91021843813365,True,12,466
INDUSTRIE,2012-10-01,0.7752963080337635,77.4324410674589,True,14,483
INDUSTRIE,2013-01-01,-0.4785030038552241,69.9000118485217,True,13,500
INDUSTRIE,2013-04-01,-1.027199472631525,58.58457461927569,True,13,502
INDUSTRIE,2013-07-01,-0.5458889454990694,114.0113906231384,True,13,495
INDUSTRIE,2013-10-01,-1.622484628483622,99.6277011169458,True,14,505
INDUSTRIE,2014-01-01,-1.1703428487127052,85.28625003483546,True,15,507
INDUSTRIE,2014-04-01,-1.238467833754434,75.50765404524316,True,14,511
INDUSTRIE,2014-07-01,-0.530508316424919,44.94470481237743,True,11,516
INDUSTRIE,2014-10-01,-0.17318818686742565,72.18316886399249,True,14,552
INDUSTRIE,2015-01-01,0.04077701272953231,102.55466797610838,True,15,643
INDUSTRIE,2015-04-01,-0.03382555084781906,65.82191108370243,True,14,650
INDUSTRIE,2015-07-01,0.22255542370916648,83.48320047760008,True,15,659
INDUSTRIE,2015-10-01,0.9494360193913431,105.76411824102138,True,15,651
INDUSTRIE,2016-01-01,0.9763856904907584,109.39422980714617,True,15,653
INDUSTRIE,2016-04-01,-0.019856229835287984,58.08383601519821,True,12,660
INDUSTRIE,2016-07-01,-0.1406461251512319,127.8750493740868,True,17,751
INDUSTRIE,2016-10-01,-0.24448889969196755,68.8566235158923,True,13,866
INDUSTRIE,2017-01-01,-0.5616332671654709,78.5759325262128,True,12,872
INDUSTRIE,2017-04-01,-0.4451455756427373,97.7714008123119,True,14,895
INDUSTRIE,2017-07-01,-0.22368543585974482,110.05162318143685,True,13,932
INDUSTRIE,2017-10-01,-0.6281688374141658,112.16881109516993,True,16,978
INDUSTRIE,2018-01-01,0.05361457006110362,116.61915724888037,True,17,1032
INDUSTRIE,2018-04-01,-0.21149776525613112,60.636107851855904,True,12,1060
INDUSTRIE,2018-07-01,-0.14485104696483916,79.07898609798508,True,14,1069
INDUSTRIE,2018-10-01,-0.4052239446091154,66.98889042721409,True,12,1083
INDUSTRIE,2019-01-01,0.45260828657604696,73.73795751454767,True,12,1131
INDUSTRIE,2019-04-01,0.1663994889458755,83.7807515252567,True,14,1146
INDUSTRIE,2019-07-01,0.9691877366245834,150.64849630290976,True,14,1143
INDUSTRIE,2019-10-01,0.9941320345291462,160.6251535310183,True,14,1210
INDUSTRIE,2020-01-01,2.6128689296884517,414.8942504774463,True,17,1130
INDUSTRIE,2020-04-01,2.0011971390821794,350.1667414421345,True,14,1235
INDUSTRIE,2020-07-01,0.6344014394142408,305.7498972625093,True,18,1540
INDUSTRIE,2020-10-01,-0.06290904190557074,331.38673323604036,True,16,1617
INDUSTRIE,2021-01-01,-0.4893955807314365,271.08351680005904,True,15,1672
INDUSTRIE,2021-04-01,-0.6603942477158391,196.28343047496193,True,16,1739
INDUSTRIE,2021-07-01,-1.3204629700732127,243.60686182332194,True,14,1743
INDUSTRIE,2021-10-01,-1.488292357707854,300.672408891333,True,18,1784
INDUSTRIE,2022-01-01,-1.5663716890261221,354.1345349050543,True,17,1842
INDUSTRIE,2022-04-01,-0.7415285949049157,160.75600593850243,True,14,1937
INDUSTRIE,2022-07-01,-0.6926769854578884,144.60633776958113,True,15,1955
INDUSTRIE,2022-10-01,-0.266909974268829,159.11266415665898,True,15,1961
INDUSTRIE,2023-01-01,-0.061023166515482986,54.75065036165045,True,13,1951
INDUSTRIE,2023-04-01,-0.019887556121712714,61.25663002215454,True,12,1940
INDUSTRIE,2023-07-01,-0.02237292771627964,28.70852716161508,True,8,1926
INDUSTRIE,2023-10-01,0.2572646516791621,63.52055898209181,True,8,1891
INDUSTRIE,2024-01-01,0.33748952785683056,73.44277667917414,True,10,1875
INFO-COM,2011-04-01,-0.08296104128192816,0.04074859147582165,True,2,4
INFO-COM,2011-07-01,-0.030111725762691187,0.15312105675951754,True,3,16
INFO-COM,2011-10-01,-0.0427558051416545,0.19470326992198617,True,3,20
INFO-COM,2012-01-01,-0.010362807184011783,0.27578295382005513,True,4,28
INFO-COM,2012-04-01,-0.034408201280754454,0.5087730040663329,True,5,52
INFO-COM,2012-07-01,-0.10697375428947327,21.296740275296713,True,10,120
INFO-COM,2012-10-01,-0.12396690127884281,11.701661445541104,True,8,124
INFO-COM,2013-01-01,-1.3291791220062459,25.121549375966094,True,11,123
INFO-COM,2013-04-01,-0.13584850507660629,32.51552406428497,True,10,126
INFO-COM,2013-07-01,-0.10671799596526836,32.01067493303985,True,12,134
INFO-COM,2013-10-01,1.0682554976936949,14.654643505240967,True,7,137
INFO-COM,2014-01-01,-0.12315160893069314,11.841162903431908,True,8,138
INFO-COM,2014-04-01,0.9653820104148138,25.387598833401025,True,9,141
INFO-COM,2014-07-01,-0.11112095491794324,10.771811091860618,True,8,146
INFO-COM,2014-10-01,-1.188154179746151,14.742171128339967,True,8,161
INFO-COM,2015-01-01,-0.4555411324603973,26.390787726792738,True,9,169
INFO-COM,2015-04-01,-0.8633801164035748,10.403599121832583,True,8,172
INFO-COM,2015-07-01,0.060921816655880895,42.23022122897461,True,11,173
INFO-COM,2015-10-01,-0.14324950856389293,11.687590003607177,True,8,178
INFO-COM,2016-01-01,0.5227710568372012,32.25806989505263,True,12,170
INFO-COM,2016-04-01,0.49860094255196313,43.29331602262272,True,12,168
INFO-COM,2016-07-01,-0.5221475214027711,6.743257144617175,True,7,195
INFO-COM,2016-10-01,0.6077961102370543,26.642707364657632,True,10,251
INFO-COM,2017-01-01,1.1476644655953283,28.122712039241996,True,9,252
INFO-COM,2017-04-01,0.6277372524917073,27.952396111184775,True,10,257
INFO-COM,2017-07-01,0.3555068040586161,34.122716487648624,True,11,254
INFO-COM,2017-10-01,-0.053782173514547255,36.2334030379833,True,12,290
INFO-COM,2018-01-01,0.35980060870685493,12.54962122004474,True,9,318
INFO-COM,2018-04-01,-0.10292583729954752,13.226987208563463,True,9,326
INFO-COM,2018-07-01,-0.17598459061912594,19.282969285205063,True,9,332
INFO-COM,2018-10-01,0.8061728327812234,26.14163414635298,True,10,363
INFO-COM,2019-01-01,0.3711810912027025,14.8015052435756,True,9,376
INFO-COM,2019-04-01,0.9218097472527547,29.62544761444671,True,11,374
INFO-COM,2019-07-01,0.8871148931573646,40.86320558097353,True,10,376
INFO-COM,2019-10-01,1.1162044977256402,51.09717681787184,True,13,390
INFO-COM,2020-01-01,2.1002680332118553,80.81498867351931,True,12,379
INFO-COM,2020-04-01,1.3554391595442097,70.92101785388482,True,13,395
INFO-COM,2020-07-01,1.256340215014851,84.23562700577578,True,15,481
INFO-COM,2020-10-01,-0.11502006291366808,64.95437040757929,True,15,524
INFO-COM,2021-01-01,-0.3519547710846229,70.74497737885491,True,13,556
INFO-COM,2021-04-01,0.2362036238412156,31.938742676187115,True,11,571
INFO-COM,2021-07-01,-0.505917008515556,51.78891441497434,True,13,587
INFO-COM,2021-10-01,-0.307413918125016,65.7682062816541,True,14,583
INFO-COM,2022-01-01,-0.7634591636598337,78.65003456483501,True,13,602
INFO-COM,2022-04-01,-0.17903752005796514,47.80400176344768,True,11,626
INFO-COM,2022-07-01,0.1675158603357256,32.47238588644932,True,12,631
INFO-COM,2022-10-01,-0.1595375161870402,37.05802486984034,True,10,626
INFO-COM,2023-01-01,0.0661237470567423,5.608013004367107,True,6,612
INFO-COM,2023-04-01,0.3237531009863338,15.47548258341116,True,7,616
INFO-COM,2023-07-01,0.5346466662584011,27.039468520592575,True,8,599
INFO-COM,2023-10-01,0.3342959308427071,15.14777908882416,True,9,592
INFO-COM,2024-01-01,0.45720758247036464,19.80514095581551,True,8,589
PRIMAIRES & ÉNERGIE,2011-04-01,-0.2882991009689416,0.03779191835864046,True,2,4
PRIMAIRES & ÉNERGIE,2011-07-01,-0.3308856766774964,0.09109066826671876,True,3,10
PRIMAIRES & ÉNERGIE,2011-10-01,-0.25516212731954213,0.10899979198334375,True,4,12
PRIMAIRES & ÉNERGIE,2012-01-01,-0.26869754353731834,0.18462964333792625,True,5,22
PRIMAIRES & ÉNERGIE,2012-04-01,-0.2780913710479645,0.4095063686449749,True,5,46
PRIMAIRES & ÉNERGIE,2012-07-01,0.4130187464987123,6.047736613858845,True,7,109
PRIMAIRES & ÉNERGIE,2012-10-01,0.890582818599259,10.941975662718935,True,8,108
PRIMAIRES & ÉNERGIE,2013-01-01,-0.7215575845589257,17.0353591740319,True,10,109
PRIMAIRES & ÉNERGIE,2013-04-01,1.329452779623921,27.957500929028477,True,12,106
PRIMAIRES & ÉNERGIE,2013-07-01,1.19147978104562,13.403075443468358,True,9,109
PRIMAIRES & ÉNERGIE,2013-10-01,-0.8370218786335607,6.667643360028603,True,8,115
PRIMAIRES & ÉNERGIE,2014-01-01,0.7506801433127694,20.616418216324394,True,9,112
PRIMAIRES & ÉNERGIE,2014-04-01,-0.7727251970418453,5.789613843231517,True,7,115
PRIMAIRES & ÉNERGIE,2014-07-01,0.74060170618836,20.39507158078505,True,9,112
PRIMAIRES & ÉNERGIE,2014-10-01,1.5191119264049637,21.04950611128108,True,9,129
PRIMAIRES & ÉNERGIE,2015-01-01,2.02368650200774,56.241703695607924,True,11,126
PRIMAIRES & ÉNERGIE,2015-04-01,1.703482430100159,24.079595342755493,True,8,132
PRIMAIRES & ÉNERGIE,2015-07-01,2.9882634697536496,54.20468035930179,True,10,121
PRIMAIRES & ÉNERGIE,2015-10-01,2.3750133758914993,49.929348089541534,True,12,125
PRIMAIRES & ÉNERGIE,2016-01-01,2.332491195054588,47.57730086326995,True,12,124
PRIMAIRES & ÉNERGIE,2016-04-01,-1.424174893361338,93.99008947087,True,15,125
PRIMAIRES & ÉNERGIE,2016-07-01,1.6047423500992881,78.04100524717867,True,16,196
PRIMAIRES & ÉNERGIE,2016-10-01,0.7437681672718958,26.106488661193907,True,10,208
PRIMAIRES & ÉNERGIE,2017-01-01,-0.9200535010492997,15.947235142288992,True,8,207
PRIMAIRES & ÉNERGIE,2017-04-01,-2.044509984909673,55.42171481965264,True,10,198
PRIMAIRES & ÉNERGIE,2017-07-01,-1.043793451096638,61.11470354139218,True,12,203
PRIMAIRES & ÉNERGIE,2017-10-01,-2.728462452442066,62.69703835992303,True,10,192
PRIMAIRES & ÉNERGIE,2018-01-01,-0.6757862364437474,22.26080059288556,True,8,210
PRIMAIRES & ÉNERGIE,2018-04-01,-1.3296805375588214,23.021927354012526,True,9,207
PRIMAIRES & ÉNERGIE,2018-07-01,0.2347128011655975,27.14504759490037,True,11,203
PRIMAIRES & ÉNERGIE,2018-10-01,-0.9771294502930622,15.767775409500356,True,7,205
PRIMAIRES & ÉNERGIE,2019-01-01,0.6120655983933987,12.927569742091185,True,8,208
PRIMAIRES & ÉNERGIE,2019-04-01,0.4737560264602567,32.97358357972557,True,9,214
PRIMAIRES & ÉNERGIE,2019-07-01,0.7101936066916712,37.82562082186498,True,12,213
PRIMAIRES & ÉNERGIE,2019-10-01,1.1690823973521496,22.535446877691903,True,10,213
PRIMAIRES & ÉNERGIE,2020-01-01,2.4431096022152103,73.75672347471458,True,12,194
PRIMAIRES & ÉNERGIE,2020-04-01,3.450237090696941,90.20222319119894,True,12,179
PRIMAIRES & ÉNERGIE,2020-07-01,1.6372170580451173,101.46730557581566,True,13,220
PRIMAIRES & ÉNERGIE,2020-10-01,-0.43371898075138005,54.03461809478121,True,12,248
PRIMAIRES & ÉNERGIE,2021-01-01,-0.18485967047669347,40.23637362557697,True,13,241
PRIMAIRES & ÉNERGIE,2021-04-01,-1.3067328924791948,38.699036765812565,True,13,232
PRIMAIRES & ÉNERGIE,2021-07-01,-2.056991685894842,60.22045899181824,True,12,223
PRIMAIRES & ÉNERGIE,2021-10-01,-2.2166387071225446,55.052774682801314,True,13,228
PRIMAIRES & ÉNERGIE,2022-01-01,-1.8872344719464278,55.44751851307721,True,12,235
PRIMAIRES & ÉNERGIE,2022-04-01,-1.544295080103571,46.00290276106693,True,13,246
PRIMAIRES & ÉNERGIE,2022-07-01,-2.064512095418576,61.52383862307059,True,12,232
PRIMAIRES & ÉNERGIE,2022-10-01,-1.314495452261269,48.33760008844229,True,13,230
PRIMAIRES & ÉNERGIE,2023-01-01,-0.430154789417453,7.2571997643492905,True,8,233
PRIMAIRES & ÉNERGIE,2023-04-01,-0.09922891767353369,2.2250867352881594,True,6,230
PRIMAIRES & ÉNERGIE,2023-07-01,-0.10501721613767806,2.203988045265195,True,6,228
PRIMAIRES & ÉNERGIE,2023-10-01,0.2215208532096671,7.3205742247442025,True,7,229
PRIMAIRES & ÉNERGIE,2024-01-01,-0.10930619432635802,2.157832279950936,True,6,224
PUBLIC & SERVICES NON-MARCHANDS,2011-04-01,-0.2882991009689416,0.03779191835864046,True,2,4
PUBLIC & SERVICES NON-MARCHANDS,2011-07-01,-0.22095688388577034,0.3222216621584264,True,6,36
PUBLIC & SERVICES NON-MARCHANDS,2011-10-01,-0.1997671681411067,0.38526056989316293,True,6,42
PUBLIC & SERVICES NON-MARCHANDS,2012-01-01,-0.1561342576728265,0.5474380949598151,True,7,58
PUBLIC & SERVICES NON-MARCHANDS,2012-04-01,-0.17393367007893767,0.932417890478324,True,7,98
PUBLIC & SERVICES NON-MARCHANDS,2012-07-01,1.1458390473613442,18.052891569583657,True,10,150
PUBLIC & SERVICES NON-MARCHANDS,2012-10-01,0.8392213778406403,25.536665030650145,True,11,153
PUBLIC & SERVICES NON-MARCHANDS,2013-01-01,-0.1872308025196666,1.5096548514142907,True,7,158
PUBLIC & SERVICES NON-MARCHANDS,2013-04-01,0.824633305356226,24.92697235174528,True,11,155
PUBLIC & SERVICES NON-MARCHANDS,2013-07-01,0.4939848636619741,58.21216683476197,True,12,156
PUBLIC & SERVICES NON-MARCHANDS,2013-10-01,-0.13494921391517042,12.832387512427418,True,9,162
PUBLIC & SERVICES NON-MARCHANDS,2014-01-01,-0.8499595192333764,31.510407817669606,True,11,156
PUBLIC & SERVICES NON-MARCHANDS,2014-04-01,-1.0353885561084053,11.417536814210823,True,9,158
PUBLIC & SERVICES NON-MARCHANDS,2014-07-01,0.6215715708281118,10.570999578841791,True,9,158
PUBLIC & SERVICES NON-MARCHANDS,2014-10-01,-0.988482077579537,10.609643513323016,True,9,160
PUBLIC & SERVICES NON-MARCHANDS,2015-01-01,-0.5114929634676044,27.60464900798576,True,10,169
PUBLIC & SERVICES NON-MARCHANDS,2015-04-01,-0.1852849616891477,22.01801240389546,True,10,172
PUBLIC & SERVICES NON-MARCHANDS,2015-07-01,-0.5424844211075243,28.269879658684744,True,11,177
PUBLIC & SERVICES NON-MARCHANDS,2015-10-01,0.19130206489808724,17.04516241989068,True,9,175
PUBLIC & SERVICES NON-MARCHANDS,2016-01-01,-0.5595817932880915,17.015600513444223,True,9,173
PUBLIC & SERVICES NON-MARCHANDS,2016-04-01,-0.22986805366777496,23.143667994094393,True,10,172
PUBLIC & SERVICES NON-MARCHANDS,2016-07-01,0.09312823789785332,27.275078513768864,True,9,211
PUBLIC & SERVICES NON-MARCHANDS,2016-10-01,-0.18947540259550072,22.88169318381927,True,9,222
PUBLIC & SERVICES NON-MARCHANDS,2017-01-01,-0.1968723587971657,12.429137247465583,True,8,232
PUBLIC & SERVICES NON-MARCHANDS,2017-04-01,0.34988909869754836,22.742471713785946,True,10,246
PUBLIC & SERVICES NON-MARCHANDS,2017-07-01,0.6609684251063201,30.352935475887183,True,10,282
PUBLIC & SERVICES NON-MARCHANDS,2017-10-01,0.05479317179182641,30.986942832946607,True,11,347
PUBLIC & SERVICES NON-MARCHANDS,2018-01-01,0.05265036886321448,19.450429143393563,True,9,423
PUBLIC & SERVICES NON-MARCHANDS,2018-04-01,-0.11898468277172962,14.531845665582418,True,8,450
PUBLIC & SERVICES NON-MARCHANDS,2018-07-01,0.19111266039188357,24.784525070741974,True,10,478
PUBLIC & SERVICES NON-MARCHANDS,2018-10-01,-0.10002326515330703,15.394168681404965,True,8,502
PUBLIC & SERVICES NON-MARCHANDS,2019-01-01,-0.09552475569648995,15.71672518963876,True,8,536
PUBLIC & SERVICES NON-MARCHANDS,2019-04-01,0.5249947476885527,29.16860457272997,True,9,555
PUBLIC & SERVICES NON-MARCHANDS,2019-07-01,0.33805010900365307,51.368774627349275,True,10,552
PUBLIC & SERVICES NON-MARCHANDS,2019-10-01,0.9088902966279447,51.22639182731654,True,9,612
PUBLIC & SERVICES NON-MARCHANDS,2020-01-01,1.6969248298939843,107.31103531252265,True,11,614
PUBLIC & SERVICES NON-MARCHANDS,2020-04-01,1.7043900862993646,113.97506323646373,True,11,670
PUBLIC & SERVICES NON-MARCHANDS,2020-07-01,0.9709456966946172,138.82819143772974,True,13,794
PUBLIC & SERVICES NON-MARCHANDS,2020-10-01,0.4261517023308728,84.67033054344587,True,15,845
PUBLIC & SERVICES NON-MARCHANDS,2021-01-01,-0.06866921723514079,76.8209999933641,True,15,875
PUBLIC & SERVICES NON-MARCHANDS,2021-04-01,0.01155906080345025,53.14277640349483,True,13,932
PUBLIC & SERVICES NON-MARCHANDS,2021-07-01,-0.4051288067476231,71.8926164697637,True,12,960
PUBLIC & SERVICES NON-MARCHANDS,2021-10-01,-0.5329032659982116,82.01929670963682,True,14,994
PUBLIC & SERVICES NON-MARCHANDS,2022-01-01,-0.38236852377681907,71.83734123154021,True,13,1092
PUBLIC & SERVICES NON-MARCHANDS,2022-04-01,-0.2411922788967887,70.92239756341407,True,14,1160
PUBLIC & SERVICES NON-MARCHANDS,2022-07-01,0.5359400950078026,64.65489513455748,True,12,1203
PUBLIC & SERVICES NON-MARCHANDS,2022-10-01,0.3046188970600904,57.312153581420965,True,9,1241
PUBLIC & SERVICES NON-MARCHANDS,2023-01-01,0.010118821427235821,22.232908361263902,True,8,1262
PUBLIC & SERVICES NON-MARCHANDS,2023-04-01,0.19596718707278873,37.273776589760274,True,9,1259
PUBLIC & SERVICES NON-MARCHANDS,2023-07-01,0.3174775745152684,36.37349056383644,True,8,1259
PUBLIC & SERVICES NON-MARCHANDS,2023-10-01,0.5404293998463976,55.94659639280961,True,9,1261
PUBLIC & SERVICES NON-MARCHANDS,2024-01-01,0.508416526959616,58.18026068716851,True,9,1322
SERVICES,2011-07-01,-0.009228989314140028,0.16757344661674628,True,3,18
SERVICES,2011-10-01,-0.015078549007159943,0.24377275856672762,True,3,26
SERVICES,2012-01-01,-0.039420936978931564,0.3954703419607779,True,4,42
SERVICES,2012-04-01,-0.026785379469790878,0.754610716319787,True,5,78
SERVICES,2012-07-01,1.1127110650919319,18.758298633820147,True,8,170
SERVICES,2012-10-01,0.8767227634660926,41.17626961579921,True,10,171
SERVICES,2013-01-01,-0.06744946374615299,22.896529710292363,True,11,176
SERVICES,2013-04-01,-1.1324227416724013,15.065403215703135,True,9,179
SERVICES,2013-07-01,-0.807141410939717,21.692479966317833,True,11,180
SERVICES,2013-10-01,0.2125118346022537,39.563737559396785,True,12,183
SERVICES,2014-01-01,-1.6803412361218852,26.552507900077966,True,10,184
SERVICES,2014-04-01,-0.46186604906503276,39.361589407390234,True,12,181
SERVICES,2014-07-01,-1.29859256756345,30.36119894985083,True,11,184
SERVICES,2014-10-01,0.4637711762235321,10.791007391789678,True,8,216
SERVICES,2015-01-01,-0.9027789394747153,35.56719674447887,True,12,229
SERVICES,2015-04-01,-0.5019756062938379,7.145375440878618,True,7,237
SERVICES,2015-07-01,-0.8380141814245103,58.54423820837583,True,12,229
SERVICES,2015-10-01,0.5682812116148153,77.59616998036121,True,14,226
SERVICES,2016-01-01,0.6311890569266323,16.00672443507201,True,8,237
SERVICES,2016-04-01,-0.7592681709459199,22.60549783860599,True,9,236
SERVICES,2016-07-01,0.6821245120168236,42.75577897442099,True,12,258
SERVICES,2016-10-01,0.25470105000849597,33.95448424563114,True,13,302
SERVICES,2017-01-01,0.01206320945609531,29.66488485308479,True,11,325
SERVICES,2017-04-01,1.2052496639583357,41.211254021264445,True,10,327
SERVICES,2017-07-01,0.18840331091870122,66.63940380979632,True,16,326
SERVICES,2017-10-01,-0.07575539562018838,47.604472201734595,True,13,343
SERVICES,2018-01-01,-1.0304743026855478,27.006562817223404,True,11,375
SERVICES,2018-04-01,-0.7271066679862098,17.82830277717738,True,10,383
SERVICES,2018-07-01,-0.3619835093520965,18.900791049461574,True,10,391
SERVICES,2018-10-01,0.4218579142785694,32.991259344484895,True,11,387
SERVICES,2019-01-01,0.3533700648817607,28.984396680799193,True,10,397
SERVICES,2019-04-01,0.8602278402321608,46.62292777211112,True,11,391
SERVICES,2019-07-01,0.9597779752280382,49.709683439547085,True,11,390
SERVICES,2019-10-01,1.1081844505919194,58.59040448784736,True,12,389
SERVICES,2020-01-01,3.1702971091206287,157.87054408894113,True,13,336
SERVICES,2020-04-01,2.2947493370857206,125.05801473577522,True,15,379
SERVICES,2020-07-01,1.0836566380410553,136.96827817542737,True,17,494
SERVICES,2020-10-01,0.8020901736699144,164.87097446871664,True,15,531
SERVICES,2021-01-01,-0.440243154944309,79.70173449459737,True,13,552
SERVICES,2021-04-01,0.7629170150770698,96.17477534674748,True,14,557
SERVICES,2021-07-01,-1.09137420569222,102.90666139342719,True,14,560
SERVICES,2021-10-01,-1.3938997368847126,108.79263971443154,True,15,567
SERVICES,2022-01-01,-1.293734441839457,142.7323540323299,True,17,577
SERVICES,2022-04-01,-1.0493387279540234,89.26521517504312,True,14,601
SERVICES,2022-07-01,-0.6552045312373426,65.22949887408602,True,13,610
SERVICES,2022-10-01,-0.5047850217036323,35.38685394748151,True,10,612
SERVICES,2023-01-01,-0.04500871916374667,16.44543913895892,True,8,616
SERVICES,2023-04-01,-0.048853801872422366,5.739210354890135,True,6,600
SERVICES,2023-07-01,-0.05001505065387164,5.688386284165253,True,6,594
SERVICES,2023-10-01,-0.04844523872602715,5.612740439349069,True,6,588
SERVICES,2024-01-01,0.5535144884020455,29.671681965855353,True,7,587
SERVICES PRO,2011-10-01,-0.09012290868233941,0.02073634032634996,True,1,2
SERVICES PRO,2012-01-01,-0.09012290868233941,0.04147268065269992,True,1,4
SERVICES PRO,2012-04-01,-0.21842189463155773,0.11803759735056271,True,2,12
SERVICES PRO,2012-07-01,-0.25777835738849414,0.13475373677349323,True,2,14
SERVICES PRO,2012-10-01,-0.25777835738849414,0.13475373677349323,True,2,14
SERVICES PRO,2013-01-01,-0.25777835738849414,0.13475373677349323,True,2,14
SERVICES PRO,2013-04-01,-0.2354639012699676,0.15596034066056697,True,2,16
SERVICES PRO,2013-07-01,-0.2354639012699676,0.15596034066056697,True,2,16
SERVICES PRO,2013-10-01,-0.2354639012699676,0.15596034066056697,True,2,16
SERVICES PRO,2014-01-01,-2.412452917485088,3.4558780339503032,True,3,15
SERVICES PRO,2014-04-01,-0.2882991009689416,0.15116767343456183,True,2,16
SERVICES PRO,2014-07-01,-2.4843601376402344,3.371882186550391,True,3,15
SERVICES PRO,2014-10-01,1.7238720764601896,3.751564100786717,True,3,17
SERVICES PRO,2015-01-01,-0.33268366261609583,0.1834201892414121,True,2,20
SERVICES PRO,2015-04-01,-0.33268366261609583,0.1834201892414121,True,2,20
SERVICES PRO,2015-07-01,1.5282834007564536,3.9576766419452767,True,3,21
SERVICES PRO,2015-10-01,1.5480556886701269,3.9339285220627658,True,3,21
SERVICES PRO,2016-01-01,1.5935444825520175,4.186902969784318,True,3,21
SERVICES PRO,2016-04-01,-0.26783178447021905,0.20973881633546984,True,3,22
SERVICES PRO,2016-07-01,-2.017627385909796,3.864303114058284,True,5,25
SERVICES PRO,2016-10-01,1.2040523771032,4.135932354184292,True,6,31
SERVICES PRO,2017-01-01,-0.2823300789087905,0.3161682061009974,True,5,34
SERVICES PRO,2017-04-01,-0.266961932638969,10.292682657966726,True,6,34
SERVICES PRO,2017-07-01,-0.29331285599477613,0.36899108613504494,True,5,40
SERVICES PRO,2017-10-01,-1.3136871021610481,5.687925930782002,True,6,59
SERVICES PRO,2018-01-01,-0.2275589544213099,0.6602967914786078,True,5,70
SERVICES PRO,2018-04-01,-0.21909431514287042,0.7017947694165096,True,5,74
SERVICES PRO,2018-07-01,-0.20301774008616458,0.7593719931313314,True,5,80
SERVICES PRO,2018-10-01,0.6031415893894906,5.239656426499958,True,6,79
SERVICES PRO,2019-01-01,-0.1892724382039527,0.7827969514638533,True,5,82
SERVICES PRO,2019-04-01,-0.1795894781406973,0.8202768304742796,True,5,86
SERVICES PRO,2019-07-01,0.5901633702669856,5.705183842461541,True,6,89
SERVICES PRO,2019-10-01,0.6576369670738562,5.520246705027335,True,6,83
SERVICES PRO,2020-01-01,2.3706989682736244,22.100021391820768,True,8,77
SERVICES PRO,2020-04-01,0.9701131494166763,19.616472596473194,True,8,88
SERVICES PRO,2020-07-01,-0.06358084483379174,11.648325332684932,True,8,112
SERVICES PRO,2020-10-01,-0.06292266862666553,1.241412483977469,True,6,130
SERVICES PRO,2021-01-01,0.6786878083266068,31.875959184801733,True,10,134
SERVICES PRO,2021-04-01,0.4527208582322517,6.9988735737604175,True,7,151
SERVICES PRO,2021-07-01,-1.150978397276623,14.275587463701104,True,9,153
SERVICES PRO,2021-10-01,0.3852625243598932,6.512502427452775,True,7,165
SERVICES PRO,2022-01-01,0.36157635584130043,6.592984249539436,True,7,179
SERVICES PRO,2022-04-01,-0.48734919309136354,7.7136648777777514,True,7,187
SERVICES PRO,2022-07-01,-1.02499902384265,15.52553500595508,True,8,189
SERVICES PRO,2022-10-01,0.34573513826379554,7.525063044434598,True,7,199
SERVICES PRO,2023-01-01,-0.05075990360508505,12.451749404196846,True,8,202
SERVICES PRO,2023-04-01,-0.04929687471928663,1.9376537223083792,True,6,206
SERVICES PRO,2023-07-01,-0.05510622218132242,1.9114177081081907,True,6,202
SERVICES PRO,2023-10-01,0.3189189275573713,6.886043706264877,True,7,199
SERVICES PRO,2024-01-01,0.30945406710759327,6.961760680705423,True,7,207
